red,vrsta_naloga,vrsta_institucije,Grad,email,Link za Uputstva za Donacije,Ime Institucije,nalog,Username,Full Name,Biography,Followers Count,Following Count,Posts Count,Is Private,Is Verified,External URL,Category,Pronouns,Bio Link 1,Bio Link 2,Bio Link 3,,,,,ime_institucije
,Treƒáa Lica,,-,,,,https://www.instagram.com/usrana.motka/,usrana.motka,Usrana Motka,"Kad nepravda postane zakon, otpor postaje du≈ænost!
Protiv kleptokratije i imperijalizma!
üÑØSlobodno kopiranje/preuzimanje.≈†irite istinu!
Necenzurisano:","105,638","1,452","10,680",FALSE,FALSE,http://t.me/usrana_motka,Political Organization,,http://t.me/usrana_motka,http://t.me/usrana_motka,https://www.youtube.com/@usrana_motka,,,,,
1,Krovni Nalozi,,-,,POTREBNI RESURSI,0. Krovni Dokument sa Uputstvima za 20+ ustanova,https://www.instagram.com/studenti_u_blokadi/,studenti_u_blokadi,Samoorganizovana grupa studenata - Blokada,Ovo je neprofitna nestranaƒçka grupa studenata nastala sa ciljem da osna≈æi akademsku zajednicu i osigura prava i slobodu studenata.,"80,508",97,252,FALSE,FALSE,https://x.com/studentblokade?s=21,Student Union,,https://x.com/studentblokade?s=21,https://x.com/studentblokade?s=21,,,,,,
2,Ustanove,Vi≈°a,Beograd,,,Fakultet dramskih umetnosti,https://www.instagram.com/sviublokade.fdu/,sviublokade.fdu,Svi u blokade!,Do ispunjenja zahteva!,"16,998",55,42,FALSE,FALSE,https://fluxokupacija.wixsite.com/flux?fbclid=PAZXh0bgNhZW0CMTEAAaYrDd8iU56HwkLaC92rM2VeyZGLjqYvejE7HUDwcFf-XvncWtj8yUAlmTY_aem_5Wm7Xsqvkdoy0nun0BBkOA,Community,,https://fluxokupacija.wixsite.com/flux?fbclid=PAZXh0bgNhZW0CMTEAAaYrDd8iU56HwkLaC92rM2VeyZGLjqYvejE7HUDwcFf-XvncWtj8yUAlmTY_aem_5Wm7Xsqvkdoy0nun0BBkOA,https://fluxokupacija.wixsite.com/flux?fbclid=PAZXh0bgNhZW0CMTEAAaYrDd8iU56HwkLaC92rM2VeyZGLjqYvejE7HUDwcFf-XvncWtj8yUAlmTY_aem_5Wm7Xsqvkdoy0nun0BBkOA,,,,,,
3,Ustanove,Vi≈°a,Novi Sad,,https://docs.google.com/spreadsheets/d/162eBkhioTGTKk7LF4g1IJAFZ0Q84iKgHPPKvUzPP41c/edit?fbclid=PAZXh0bgNhZW0CMTEAAaYsP7pzcCSsNjnB5FYOUl0Oh1bi2ZxtgfQvogCBT81qNJFgJ89zMNOOBY4_aem_UY8XTIHJ8QLWXZkLyc9hfA&gid=0#gid=0,Fakultet tehniƒçkih nauka,https://www.instagram.com/ftn_se_budi/,ftn_se_budi,Studenti FTN-a,Jedini zvaniƒçni profil studentske blokade Fakulteta tehniƒçkih nauka u Novom Sadu.,"10,829",26,66,FALSE,FALSE,https://docs.google.com/spreadsheets/d/16AXq1PjjwGswSHpF5pQDGZMJ1BG7tAShS85yz6hAxKw/htmlview?fbclid=PAY2xjawHH_jhleHRuA2FlbQIxMAABpsFzhhqtxi2XzH1T6zuAO4NN53MQLV_JWTTvRfKo1jwtrXAwHD6nwIVohQ_aem_wwErX0J-aO1D56nIKd1hwQ,Education,,https://docs.google.com/spreadsheets/d/16AXq1PjjwGswSHpF5pQDGZMJ1BG7tAShS85yz6hAxKw/htmlview?fbclid=PAY2xjawHH_jhleHRuA2FlbQIxMAABpsFzhhqtxi2XzH1T6zuAO4NN53MQLV_JWTTvRfKo1jwtrXAwHD6nwIVohQ_aem_wwErX0J-aO1D56nIKd1hwQ,https://docs.google.com/spreadsheets/d/16AXq1PjjwGswSHpF5pQDGZMJ1BG7tAShS85yz6hAxKw/htmlview?fbclid=PAY2xjawHH_jhleHRuA2FlbQIxMAABpsFzhhqtxi2XzH1T6zuAO4NN53MQLV_JWTTvRfKo1jwtrXAwHD6nwIVohQ_aem_wwErX0J-aO1D56nIKd1hwQ,https://docs.google.com/document/d/1RXaybTcz1u6TMK6chirIiCk9pRHZ-oDkjFV_HtJt5XQ/mobilebasic,,,,,
4,Ustanove,Vi≈°a,Beograd,,https://l.instagram.com/?u=https%3A%2F%2Fdocs.google.com%2Fspreadsheets%2Fd%2Fe%2F2PACX-1vSgfrQsnsz0pjTw4S4zuqvgM7F2o4qRcXbUt-LzB0_5fXb_bjxZ8U6-U9hCMZ2f13M13UoRJYJAlNEt%2Fpub%3Fgid%3D1845419112%26single%3Dtrue%26output%3Dpdf%26fbclid%3DPAZXh0bgNhZW0CMTEAAaZzHQOjF2E11i2FmAPYPB02GNR5-eBb52yC-XpOEcgJRF1oBPhwhLtrRRs_aem_H_6F4VjpJLfZE4UZKepIuw&e=AT2xrjgGy5OyxHI1fSSBYyFgapXZhFvZhklMviYR_hB1UPPtPTZG52DXqIuEdKW-exGRUdMlz90uAV7hwdG__E0kMplsRUCDTEKf5beQr9PYnoC6axjBLQ,Fakultet organizacionih nauka,https://www.instagram.com/blokada.fon/?hl=en&g=5,blokada.fon,–ë–ª–æ–∫–∞–¥–∞ –§–û–ù,–§–û–ù-–æ–≤—Ü–∏ —Å–µ –ø—Ä–∏–¥—Ä—É–∂—É—ò—É —Å—Ç—É–¥–µ–Ω—Ç–∏–º–∞ –∫–æ—ò–∏ –±–ª–æ–∫–∏—Ä–∞—ò—É —Ñ–∞–∫—É–ª—Ç–µ—Ç–µ –∏ —Ä–µ–∫—Ç–æ—Ä–∞—Ç. –ó–∞—ò–µ–¥–Ω–æ –¥–∏–∂–µ–º–æ –≥–ª–∞—Å –ø—Ä–æ—Ç–∏–≤ –Ω–µ–ø—Ä–∞–≤–¥–µ –∏ –±–æ—Ä–∏–º–æ —Å–µ –∑–∞ –ø—Ä–æ–º–µ–Ω–µ!,"8,209",76,73,FALSE,FALSE,,Community,,,,,,,,,
5,Ustanove,Vi≈°a,Beograd,studenti.etf.pr@gmail.com,https://docs.google.com/document/d/1kUXA7vdB1IvK8-VaToqP44bL8lW5h6Ha2LJTZPGYkTM/edit?tab=t.0,Elektrotehniƒçki fakultet,https://www.instagram.com/etfublokadi,etfublokadi,Studenti Elektrotehniƒçkog fakulteta Univerziteta u Beogradu,Kontakt: studenti.etf.pr@gmail.com,"6,805",51,97,FALSE,FALSE,https://www.tiktok.com/@etfublokadi?_t=8s6YoI7jTDa&_r=1&fbclid=PAZXh0bgNhZW0CMTEAAaZH4SVpUAz9sTYBElIGMoEsIMw6_j6Ptw9BkBJxv6ua3oAV8w_zup-Wjxc_aem_Iit2vt84vRBcVajE2jcmkw,Community,,https://www.tiktok.com/@etfublokadi?_t=8s6YoI7jTDa&_r=1&fbclid=PAZXh0bgNhZW0CMTEAAaZH4SVpUAz9sTYBElIGMoEsIMw6_j6Ptw9BkBJxv6ua3oAV8w_zup-Wjxc_aem_Iit2vt84vRBcVajE2jcmkw,https://www.tiktok.com/@etfublokadi?_t=8s6YoI7jTDa&_r=1&fbclid=PAZXh0bgNhZW0CMTEAAaZH4SVpUAz9sTYBElIGMoEsIMw6_j6Ptw9BkBJxv6ua3oAV8w_zup-Wjxc_aem_Iit2vt84vRBcVajE2jcmkw,https://docs.google.com/forms/d/e/1FAIpQLSfRmeVRtEAv1Y-LwEn3oWFb_iU8bU9jSgF96J2-zT_Hj-gT7g/viewform,,,,,
6,Krovni Nalozi,Vi≈°a,Ni≈°,,,Neformalna grupa ni≈°kih studenata,https://www.instagram.com/ngs_niss/?hl=en,ngs_niss,Neformalna grupa ni≈°kih studenata,Jug neƒáe ƒáutati!,"5,482",214,69,FALSE,FALSE,https://invite.viber.com/?g2=AQBLw8B%2Bzwx3YlPnRdsmYFMDeR0my0CFMfql7xwRzunFdhoobyvkB65Wv2q75BNk,Community,,https://invite.viber.com/?g2=AQBLw8B%2Bzwx3YlPnRdsmYFMDeR0my0CFMfql7xwRzunFdhoobyvkB65Wv2q75BNk,https://invite.viber.com/?g2=AQBLw8B%2Bzwx3YlPnRdsmYFMDeR0my0CFMfql7xwRzunFdhoobyvkB65Wv2q75BNk,,,,,,
7,Ustanove,Vi≈°a,Beograd,,https://qr-code.click/i/p/676d7d20d7e77?fbclid=PAZXh0bgNhZW0CMTEAAabF-Wgo0uDs7zWJ5bUP1Z-i2FPhQjYhJVI435GAb4gIBUdlD7dq148mgTg_aem_SuFgPQaWMotum-QA7wiREA,Pravni fakultet,https://www.instagram.com/blokada_pravni/,blokada_pravni,–ü—Ä–∞–≤–Ω–∏ —É –±–ª–æ–∫–∞–¥–∏,–î–æ –∏—Å–ø—É—ö–µ—ö–∞ –∑–∞—Ö—Ç–µ–≤–∞! –°–≤–∏ —É –±–ª–æ–∫–∞–¥–µ! –ü—Ä–∞–≤–Ω–∏—Ü–∏ –∑–∞ –ø—Ä–∞–≤–¥—É!,"5,252",77,52,FALSE,FALSE,https://forms.gle/9cH1pAQKCgPnvBrv7,Community,,https://forms.gle/9cH1pAQKCgPnvBrv7,https://forms.gle/9cH1pAQKCgPnvBrv7,,,,,,
8,Ustanove,Vi≈°a,Beograd,fpnblokada@gmail.com,FPN LOGISTIKA I DONACIJE ,Fakultet politiƒçkih nauka,https://www.instagram.com/blokada.fpn/,blokada.fpn,Blokada Fakulteta politiƒçkih nauka,Studenti Fakulteta politiƒçkih nauka tra≈æe kriviƒçnu odgovornost za tragediju u Novom Sadu i za napade na studente i profesore na protestima! ‚úäüèª,"5,046",44,56,FALSE,FALSE,,Community,,,,,,,,,
9,Ustanove,Vi≈°a,Novi Sad,,,Akademija umetnosti,https://www.instagram.com/blokada.auns/,blokada.auns,AUNS studenti u blokadi,Zvaniƒçni profil studenata u blokadi Akademije umetnosti u Novom Sadu,"4,310",31,31,FALSE,FALSE,,Student Union,,,,,,,,,
10,Ustanove,Vi≈°a,Novi Sad,,Mfns donacije,Medicinski fakultet,https://www.instagram.com/blokada_mfns/,blokada_mfns,Studenti Medicinskog Fakulteta u Novom Saduü©∫,,"4,253",52,42,FALSE,FALSE,,,,,,,,,,,
11,Ustanove,Vi≈°a,Beograd,,EKOF Donacije,Ekonomski fakultet,https://www.instagram.com/ekof.blokada/?hl=en&g=5,ekof.blokada,ekof.blokada,"Jedini zvaniƒçni profil plenuma EKOF-a
‚ùóSvaki dan, 11:52h 
üëáLISTA ZA DONACIJEüëá","4,222",82,58,FALSE,FALSE,https://docs.google.com/spreadsheets/d/1NMGxpySDPHrpObgBtVFdnQZ_tKfmJggb94vTaOzmoiQ/edit?usp=sharing,Community,,https://docs.google.com/spreadsheets/d/1NMGxpySDPHrpObgBtVFdnQZ_tKfmJggb94vTaOzmoiQ/edit?usp=sharing,https://docs.google.com/spreadsheets/d/1NMGxpySDPHrpObgBtVFdnQZ_tKfmJggb94vTaOzmoiQ/edit?usp=sharing,,,,,,
12,Ustanove,Vi≈°a,Novi Sad,,https://www.instagram.com/p/DEKapLLoA4z/?img_index=2,Filozofski fakultet,https://www.instagram.com/blokada.ffuns/,blokada.ffuns,Blokada FFUNS,"Zvaniƒçan profil blokade Filozofskog fakulteta u Novom Sadu
ü§≤üèªü©∏","3,916",72,40,FALSE,FALSE,https://linktr.ee/blokadaffuns,Community,,https://linktr.ee/blokadaffuns,https://linktr.ee/blokadaffuns ,,,,,,
13,Ustanove,Vi≈°a,Beograd,,,"Arhitektonski fakultet
",https://www.instagram.com/blokada.arh.bg?hl=en&g=5,blokada.arh.bg,,"Zvaniƒçni profil studentske blokade Arhitektonskog fakulteta Univerziteta u Beogradu
- glas plenuma","3,602",45,63,FALSE,FALSE,,,,,,,,,,,Fakultet Dramske umetnosti
14,Ustanove,Vi≈°a,Novi Sad,blokadapmflogistika@gmail.com,Potrebe PMF-a,Prirodno matematiƒçki fakultet,https://www.instagram.com/blokadapmf/,blokadapmf,Studenti PMF-a,,"3,594",46,38,FALSE,FALSE,https://linktr.ee/blokadapmf,Community Organization,,https://linktr.ee/blokadapmf,https://linktr.ee/blokadapmf,,,,,,Pravni fakultet
,Treƒáa Lica,,-,,http://patreon.com/Protestimladih?utm_medium=clipboard_copy&utm_source=copyLink&utm_campaign=creatorshare_fan&utm_content=join_link,,https://www.instagram.com/svice.dijaspora/,svice.dijaspora,Organizovana grupa SviƒÜe - Dijaspora,"Deo mre≈æe @svice.rs üê∞
SviƒÜe i dijaspora ƒáe!","3,569",58,42,FALSE,FALSE,http://patreon.com/Protestimladih?utm_medium=clipboard_copy&utm_source=copyLink&utm_campaign=creatorshare_fan&utm_content=join_link,,,http://patreon.com/Protestimladih?utm_medium=clipboard_copy&utm_source=copyLink&utm_campaign=creatorshare_fan&utm_content=join_link,http://patreon.com/Protestimladih?utm_medium=clipboard_copy&utm_source=copyLink&utm_campaign=creatorshare_fan&utm_content=join_link,http://forms.gle/DVD84EK18UZW6vMaA,,,,,Farmaceutski fakultet Beograd
15,Ustanove,Vi≈°a,Beograd,blokadafarmacija@gmail.com,,Farmaceutski fakultet,https://www.instagram.com/blokada.ffubg/,blokada.ffubg,Farmaceutski fakultet Beograd,"‚ùóÔ∏èustao da podr≈æi studente u borbi
‚ùóÔ∏èstao s radom do ispunjenja zahteva blokadafarmacija@gmail.com","3,554",42,34,FALSE,FALSE,,Community,,,,,,,,,Arhitektonski Fakultet
16,Ustanove,Vi≈°a,Beograd,,,Poljoprivredni fakultet,https://www.instagram.com/poljoprivredniblokada/,poljoprivredniblokada,–ë–õ–û–ö–ê–î–ê –ü–û–â–û–ü–†–ò–í–†–ï–î–ù–ò,–°—Ç—É–¥–µ–Ω—Ç–∏ –ü–æ—ô–æ–ø—Ä–∏–≤—Ä–µ–¥–Ω–æ–≥ —Ñ–∞–∫—É–ª—Ç–µ—Ç–∞ —É –ë–µ–æ–≥—Ä–∞–¥—É —Å–µ –ø—Ä–∏–¥—Ä—É–∂—É—ò—É –±–ª–æ–∫–∞–¥–∞–º–∞!,"2,899",49,34,FALSE,FALSE,,,,,,,,,,,Fakultet Organizacionih Nauka (FON)
17,Ustanove,Vi≈°a,Beograd,,POTREBNI RESURSI,Filolo≈°ki fakultet,https://www.instagram.com/filoloski.blokada/?hl=en&g=5,filoloski.blokada,Blokada Filolo≈°kog fakulteta Univerziteta u Beogradu,"Samoorganizovani studenti Filolo≈°kog fakulteta u blokadi üìù
Plenum: 14:30 pon‚Äìsub, Sala Heroja
Link ka Blokadnom ƒçasopisu:","2,896",60,35,FALSE,FALSE,https://filoblok.info/,Community,,https://filoblok.info/,https://filoblok.info/,,,,,,Ekonomski Fakultet
18,Ustanove,Srednja,Novi Sad,,,"Gimnazija ""Jovan Jovanoviƒá Zmaj""",https://www.instagram.com/jovinasepita/,jovinasepita,,"–î–∞ —Å–∞—á—É–≤–∞–º–æ –à–æ–≤–∏–Ω—É! 
jovinasepita@gmail.com","2,811",55,23,FALSE,FALSE,,,,,,,,,,,Fizicka hemija
19,Ustanove,Vi≈°a,Beograd,rglogistikamasinski@gmail.com,POTREBNE STVARI ZA BLOKADE - MA≈†INSKI FAKULTET,Ma≈°inski fakultet,https://www.instagram.com/masinci.u.blokadi/,masinci.u.blokadi,–ú–∞—à–∏–Ω—Ü–∏,–°—Ç—É–¥–µ–Ω—Ç—Å–∫–∏ –ø–ª–µ–Ω—É–º –ú–∞—à–∏–Ω—Å–∫–æ–≥ —Ñ–∞–∫—É–ª—Ç–µ—Ç–∞ –£–Ω–∏–≤–µ—Ä–∑–∏—Ç–µ—Ç–∞ —É –ë–µ–æ–≥—Ä–∞–¥—É,"2,788",45,79,FALSE,FALSE,https://linktr.ee/masinci,Student Union,,https://linktr.ee/masinci,https://linktr.ee/masinci,,,,,,DIF
20,Ustanove,Vi≈°a,Beograd,,,Graƒëevinski fakultet,https://www.instagram.com/grf.blokade/,grf.blokade,GRF BLOKADE,"üî∫ Samoorganizovana grupa studenata Graƒëevinskog fakulteta Univerziteta u Beogradu
ü´µüèº Poka≈æi da ti je stalo!","2,653",45,74,FALSE,FALSE,,Student Union,,,,,,,,,Gradjevinski 
21,Ustanove,Vi≈°a,Beograd,donacijeffub@gmail.com ,POTREBNI RESURSI,Filozofski fakultet,https://www.instagram.com/filozofi.u.blokadi/?hl=en&g=5,filozofi.u.blokadi,Blokada Filozofskog fakulteta u Beogradu,Zvaniƒçna stranica samoorganizovanih studenata Filozofskog fakulteta Univerziteta u Beogradu u blokadi!,"2,562",39,57,FALSE,FALSE,https://docs.google.com/document/d/1kUXA7vdB1IvK8-VaToqP44bL8lW5h6Ha2LJTZPGYkTM/edit?usp=drivesdk,Community,,https://docs.google.com/document/d/1kUXA7vdB1IvK8-VaToqP44bL8lW5h6Ha2LJTZPGYkTM/edit?usp=drivesdk,https://docs.google.com/document/d/1kUXA7vdB1IvK8-VaToqP44bL8lW5h6Ha2LJTZPGYkTM/edit?usp=drivesdk,https://youtu.be/NOhDYxKLZg4?si=6Gp07_q0wBxQqqf1,,,,,Bezbednost
22,Ustanove,Vi≈°a,Beograd,studentskiplenumfb@gmail.com,–î–æ–Ω–∞—Ü–∏—ò–µ,Fakultet bezbednosti,https://www.instagram.com/blokada.fb/,blokada.fb,Studenti Fakulteta bezbednosti u Beogradu,"""Bezbednost je imperativ na≈°e slobode.""","2,360",107,22,FALSE,FALSE,https://docs.google.com/document/d/1ccjf2h49ldl_bPK_17yW37oVt8_1lxO2zK1RO5v8c_g/edit?usp=sharing,Artist,,https://docs.google.com/document/d/1ccjf2h49ldl_bPK_17yW37oVt8_1lxO2zK1RO5v8c_g/edit?usp=sharing,https://docs.google.com/document/d/1ccjf2h49ldl_bPK_17yW37oVt8_1lxO2zK1RO5v8c_g/edit?usp=sharing,,,,,,Poljoprivredni
23,Ustanove,Vi≈°a,Beograd,,,DIF,https://www.instagram.com/dif.blokada/,dif.blokada,DIF JE (U)STAO !,"‚ùóÔ∏èustao da podr≈æi studente u borbi
‚ùóÔ∏èstao s radom do ispunjenja zahteva","2,349",46,23,FALSE,FALSE,,,,,,,,,,,Masinski
,Treƒáa Lica,-,-,,,,https://www.instagram.com/pokrenimomacvu/,pokrenimomacvu,–ü–æ–∫—Ä–µ–Ω–∏–º–æ –ú–∞—á–≤—É,,"2,311","3,803",605,FALSE,FALSE,,,,,,,,,,,
24,Ustanove,Vi≈°a,Beograd,,POTREBNI RESURSI,Tehnolo≈°ko-metalur≈°ki fakultet,https://www.instagram.com/tmf.blokada/,tmf.blokada,TMF PROREAGOVAO,Studenti Tehnolo≈°ko-metalur≈°kog fakulteta,"2,133",92,31,FALSE,FALSE,,,,,,,,,,,
25,Ustanove,Vi≈°a,Novi Sad,,Tabela bez naslova,Poljoprivredni fakultet,https://www.instagram.com/poljns_blokada/,poljns_blokada,Poljoprivredni fakultet u Novom Sadu - Blokada,"Zvaniƒçna stranica studenata u blokadi Poljoprivrednog fakulteta u Novom Sadu
Link za donacije ‚¨áÔ∏è","1,952",101,39,FALSE,FALSE,https://docs.google.com/spreadsheets/d/1GzGNqd6q4iWYtEftrvG3st_O9D5U2iAnSGwstz2pnzI/edit?usp=drivesdk,Community,,https://docs.google.com/spreadsheets/d/1GzGNqd6q4iWYtEftrvG3st_O9D5U2iAnSGwstz2pnzI/edit?usp=drivesdk,https://docs.google.com/spreadsheets/d/1GzGNqd6q4iWYtEftrvG3st_O9D5U2iAnSGwstz2pnzI/edit?usp=drivesdk,,,,,,
26,Ustanove,Vi≈°a,Beograd,,POTREBNI RESURSI,Fakultet likovnih umetnosti,https://www.instagram.com/flu_blokada/,flu_blokada,,Zvaniƒçan studentski profil blokade Fakulteta likovnih umetnosti u Beogradu,"1,885",40,21,FALSE,FALSE,,,,,,,,,,,
27,Ustanove,Vi≈°a,Beograd,grupastudenata.stomfbg@gmail.com,POTREBNI RESURSI,Stomatolo≈°ki fakultet,https://www.instagram.com/stomfbg_blokada/,stomfbg_blokada,Samoorganizovana grupa studenata stomatologije,"Zvaniƒçna instagram stranica grupa studenata stomatologije.
Mail: grupastudenata.stomfbg@gmail.com","1,785",44,66,FALSE,FALSE,,,,,,,,,,,
28,Ustanove,Vi≈°a,Novi Sad,,https://www.instagram.com/p/DEKapLLoA4z/?img_index=2,Tehnolo≈°ki fakultet,https://www.instagram.com/tehnoloski_u_blokadi/,tehnoloski_u_blokadi,Blokada Tehnolo≈°kog fakulteta,Univerzitet u Novom Sadu,"1,614",124,34,FALSE,FALSE,,,,,,,,,,,
39,Ustanove,Srednja,Kragujevac,,,Prva kragujevaƒçka gimnazija,https://www.instagram.com/blokada.pkg/,blokada.pkg,,"–ë–õ–û–ö–ê–î–ê!
(–£)–°–¢–ê–ù–ò
–î–∞ –ª–∏ —Å—Ç—Ä–µ–ø–∏—à –¥–∞ —õ–µ—à –æ—Å—Ç–∞—Ç–∏ –∂–∏–≤ –∫–∞–¥–∞ –∏–∑–∞—í–µ—à –Ω–∞ —É–ª–∏—Ü—É?
#rukesuvamkrvave #blokada #namladimasvetostaje","1,584",158,9,FALSE,FALSE,,,,,,,,,,,
30,Ustanove,Srednja,Beograd,,,V beogradska gimnazija,https://www.instagram.com/v_blokada/,v_blokada,–ë–ª–æ–∫–∞–¥–∞ V –±–µ–æ–≥—Ä–∞–¥—Å–∫–µ –≥–∏–º–Ω–∞–∑–∏—ò–µ,–°–∞–º–æ–æ—Ä–≥–∞–Ω–∏–∑–æ–≤–∞–Ω–∏ –º–∞—Ç—É—Ä–∞–Ω—Ç–∏ V –±–µ–æ–≥—Ä–∞–¥—Å–∫–µ –≥–∏–º–Ω–∞–∑–∏—ò–µ —Å—É —É –±–ª–æ–∫–∞–¥–∏.,"1,577",82,14,FALSE,FALSE,,,,,,,,,,,
31,Ustanove,Vi≈°a,Kragujevac,,,Fakultet medicinskih nauka,https://www.instagram.com/fmnkg_blokada/,fmnkg_blokada,Studenti Fakulteta medicinskih nauka u Kragujevcu,Studenti koji formuli≈°u promene,"1,577",45,35,FALSE,FALSE,,,,,,,,,,,
32,Ustanove,Vi≈°a,Beograd,fmudonacije@gmail.com,,Fakultet za obrazovanje uƒçitelja i vaspitaƒça,https://www.instagram.com/blokada.fmu/,blokada.fmu,Fakultet muziƒçke umetnosti u blokadi,"Zvaniƒçni profil studenata Fakulteta muziƒçke umetnosti u blokadi.
Mejl za donacije: fmudonacije@gmail.com","1,561",69,15,FALSE,FALSE,,,,,,,,,,,
33,Ustanove,Vi≈°a,Beograd,,,Saobraƒáajni fakultet,https://www.instagram.com/blokada.sfbg/,blokada.sfbg,SF BG BLOKADE,Zvaniƒçni profil studentske blokade Saobraƒáajnog fakulteta Univerziteta u Beogradu üö´üö¶,"1,516",70,33,FALSE,FALSE,,,,,,,,,,,
34,Krovni Nalozi,Srednja,Ni≈°,,,Neformalna organizacija maturanata iz Ni≈°a.,https://www.instagram.com/zastanimo.srednjoskolci.nis/,zastanimo.srednjoskolci.nis,"Srednjo≈°kolci Ni≈°a, zastanimo!",Neformalna organizacija maturanata iz Ni≈°a.,"1,502",155,10,FALSE,FALSE,,,,,,,,,,,
,Ustanove,Vi≈°a,Beograd,fasperstudenti.inicijativa@gmail.com,POTREBNI RESURSI,Fakultet za specijalnu edukaciju i rehabilitaciju,https://www.instagram.com/fasper_inicijativa_studenata/,fasper_inicijativa_studenata,FASPER U BLOKADI NASTAVE,"Mejl adresa za donacije:
fasperstudenti.inicijativa@gmail.com","1,439",126,18,FALSE,FALSE,,,,,,,,,,,
,Ustanove,Vi≈°a,Beograd,donacijeffub@gmail.com ,POTREBNI RESURSI,Matematiƒçki fakultet,https://www.instagram.com/blokada.matf/,blokada.matf,Blokada Matematiƒçkog fakulteta Univerziteta u Beogradu,,"1,426",105,21,FALSE,FALSE,,,,,,,,,,,
,Ustanove,Vi≈°a,Beograd,,https://qrco.de/bfe7sE?trackSharing=1,Fakultet veterinarske medicine,https://www.instagram.com/fvm_blokade/?hl=en,fvm_blokade,Fvm Blokade,"Samoorganizovana grupa studenata Fakulteta veterinarske medicine 
Ovde mo≈æete pratiti sve aktivnosti blokada na FVM","1,408",173,32,FALSE,FALSE,https://qrco.de/bfe7sE,,,https://qrco.de/bfe7sE,https://qrco.de/bfe7sE,,,,,,
,Ustanove,Vi≈°a,Ni≈°,,,Medicinski fakultet,https://www.instagram.com/medfakni_blokada/?hl=en,medfakni_blokada,,Studenti Medicinskog fakulteta Univerziteta u Ni≈°uü•ºü¶∑üíä,"1,408",15,26,FALSE,FALSE,https://docs.google.com/forms/d/e/1FAIpQLSewZ6Q3nnXw8WLrA-7mRqZva63GzqW4T6rllFpMjhZcaOxwRw/viewform?usp=header,,,https://docs.google.com/forms/d/e/1FAIpQLSewZ6Q3nnXw8WLrA-7mRqZva63GzqW4T6rllFpMjhZcaOxwRw/viewform?usp=header,https://docs.google.com/forms/d/e/1FAIpQLSewZ6Q3nnXw8WLrA-7mRqZva63GzqW4T6rllFpMjhZcaOxwRw/viewform?usp=header,,,,,,
,Ustanove,Vi≈°a,Beograd,,,Visoke ≈°kole elektrotehnike i raƒçunarstva,https://www.instagram.com/blokadaviser/,blokadaviser,Studentski plenum VI≈†ER-a,Zvaniƒçni profil Studentskog plenuma Visoke ≈°kole elektrotehnike i raƒçunarstva u Beogradu.,"1,394",64,25,FALSE,FALSE,,,,,,,,,,,
,Ustanove,Vi≈°a,Kragujevac,,,Filolo≈°ko-umetniƒçki fakultet,https://www.instagram.com/blokadafilum/?hl=en,blokadafilum,Blokada Filum,"Studenti Filuma staju uz svoje kolege i koleginice sa ostalih fakulteta!
üìß filum.blokada@gmail.com","1,391",39,33,FALSE,FALSE,https://docs.google.com/forms/d/e/1FAIpQLSdxMyvkdbrzeUr-mUB4x0s7iHIFSyRu9PDm0Wp-aGIlVKxpAQ/viewform?pli=1,Blogger,,https://docs.google.com/forms/d/e/1FAIpQLSdxMyvkdbrzeUr-mUB4x0s7iHIFSyRu9PDm0Wp-aGIlVKxpAQ/viewform?pli=1,https://docs.google.com/forms/d/e/1FAIpQLSdxMyvkdbrzeUr-mUB4x0s7iHIFSyRu9PDm0Wp-aGIlVKxpAQ/viewform?pli=1,,,,,,
,Ustanove,Vi≈°a,Beograd,bioloziublokadi@gmail.com,,Biolo≈°ki fakultet,https://www.instagram.com/blokada.bioloski/,blokada.bioloski,Zvaniƒçan profil studenata Biolo≈°kog fakulteta u blokadi,‚ñ´Ô∏èbioloziublokadi@gmail.com,"1,347",47,28,FALSE,FALSE,https://forms.gle/NJab9As3wegnqrxm8,,,https://forms.gle/NJab9As3wegnqrxm8,https://forms.gle/NJab9As3wegnqrxm8,https://docs.google.com/forms/d/e/1FAIpQLScB9pAkfhsoqOSunz-IPLNL7H3iAoE_F4rMhfjHv4MGZ2Qo9A/viewform?usp=header,,,,,
,Ustanove,Srednja,Beograd,,,XIV beogradska gimnazija,https://www.instagram.com/xivblokada/,xivblokada,–ë–ª–æ–∫–∞–¥–∞ XIV –±–µ–æ–≥—Ä–∞–¥—Å–∫–µ –≥–∏–º–Ω–∞–∑–∏—ò–µ,"–°–∞–º–æ–æ—Ä–≥–∞–Ω–∏–∑–æ–≤–∞–Ω–∏ –º–∞—Ç—É—Ä–∞–Ω—Ç–∏ XIV –±–µ–æ–≥—Ä–∞–¥—Å–∫–µ –≥–∏–º–Ω–∞–∑–∏—ò–µ. –ù–µ–º–∞–º–æ –Ω–∏–∫–∞–∫–≤–µ –≤–µ–∑–µ —Å–∞ –±–∏–ª–æ –∫–∞–∫–≤–∏–º –ø–æ–ª–∏—Ç–∏—á–∫–∏–º –∏–¥–µ–æ–ª–æ–≥–∏—ò–∞–º–∞, –ø–æ–∫—Ä–µ—Ç–∏–º–∞ –∏–ª–∏ —Å—Ç—Ä–∞–Ω–∫–∞–º–∞.","1,300",24,9,FALSE,FALSE,,Blogger,,,,,,,,,
,Ustanove,Srednja,Beograd,,,IX beogradska gimnazija,https://www.instagram.com/ix_blokada/,ix_blokada,Blokada Devete gimnazije,"‚Äû–ñ–∏–≤–æ—Ç —ò–µ —Ä–µ–∫–∞ ‚Äì –Ω–µ–º–∏—Ä–∞–Ω, –∞–ª–∏ –ø—É–Ω –ø—Ä–∏–ª–∏–∫–∞, –∞–∫–æ –∑–Ω–∞—à –∫–∞–∫–æ –¥–∞ –ø–ª–æ–≤–∏—à.‚Äú- –ú.–ü. –ê–ª–∞—Å","1,299",58,10,FALSE,FALSE,,,,,,,,,,,
,Ustanove,Srednja,Beograd,,,X beogradska gimnazija,https://www.instagram.com/x_blokada/,x_blokada,–ë–ª–æ–∫–∞–¥–∞ –î–µ—Å–µ—Ç–µ –≥–∏–º–Ω–∞–∑–∏—ò–µ,@deseta.gimnazija,"1,256",68,9,FALSE,FALSE,,,,,,,,,,,
,Ustanove,Vi≈°a,Beograd,donacijeffub@gmail.com ,POTREBNI RESURSI,≈†umarski fakultet,https://www.instagram.com/blokada.sumarski/,blokada.sumarski,Blokada ≈†umarskog fakulteta u Beogradu,"Studenti ≈†umarskog fakulteta
Termin narednog plenuma: 30.12.(ponedeljak) u 13h
Sve informacije o donacijama se nalaze u highlight-u ispod!!!","1,249",81,48,FALSE,FALSE,,,,,,,,,,,
,Ustanove,Vi≈°a,Beograd,,,Visoka zdravstvena ≈°kola,https://www.instagram.com/vzs_blokada/?hl=en,vzs_blokada,–ë–ª–æ–∫–∞–¥–∞ –í–ó–®,"–ù–µ–ø—Ä–æ—Ñ–∏—Ç–Ω–∞, –Ω–µ—Å—Ç—Ä–∞–Ω–∞—á–∫–∞, —Å–∞–º–æ–æ—Ä–≥–∞–Ω–∏–∑–æ–≤–∞–Ω–∞ –≥—Ä—É–ø–∞ —Å—Ç—É–¥–µ–Ω–∞—Ç–∞ –í–∏—Å–æ–∫–µ –∑–¥—Ä–∞–≤—Å—Ç–≤–µ–Ω–µ —à–∫–æ–ª–µ","1,243",48,16,FALSE,FALSE,https://linktr.ee/vzsblokada,Community,,https://linktr.ee/vzsblokada,https://linktr.ee/vzsblokada,,,,,,
,Ustanove,Vi≈°a,Ni≈°,,,Graƒëevinsko-arhitektonski fakultet,https://www.instagram.com/blokada.gaf/,blokada.gaf,,Zvaniƒçan profil studentske blokade Graƒëevinsko-arhitektonskog fakulteta u Ni≈°u,"1,156",67,18,FALSE,FALSE,https://ethercalc.net/u8ta9opg2lig,Education,,https://ethercalc.net/u8ta9opg2lig,https://ethercalc.net/u8ta9opg2lig,,,,,,
,Ustanove,Vi≈°a,Beograd,,POTREBNI RESURSI,Hemijski fakultet,https://www.instagram.com/blokada.hf/,blokada.hf,Zvaniƒçni profil blokade hfub!,,"1,146",81,15,FALSE,FALSE,,,,,,,,,,,
,Ustanove,Vi≈°a,Novi Sad,,,Fakultet savremenih umetnosti,https://www.instagram.com/fsu_blokade/,fsu_blokade,,"- Svi u blokade!
- ‚Å†Samoorganizovana grupa studenata Fakulteta savremenih umetnosti
-Univerzitet privredne akademije u NS 
-Prikljuƒçi se, Blokiraj!","1,145",21,24,FALSE,FALSE,,,,,,,,,,,
,Ustanove,Srednja,ƒåaƒçak,,,Gimnazija ƒåaƒçak,https://www.instagram.com/blokada.gimn.ca/,blokada.gimn.ca,Blokada Gimnazija Cacak,Jedine zvanicne informacije vezane za blokadu Gimnazije u Cacku,"1,144",299,21,FALSE,FALSE,,,,,,,,,,,
,Ustanove,Vi≈°a,Ni≈°,,,Elektronski fakultet,https://www.instagram.com/blokada.elfak/?hl=en,blokada.elfak,–°—Ç—É–¥–µ–Ω—Ç–∏ –ï–ª–µ–∫—Ç—Ä–æ–Ω—Å–∫–æ–≥ —Ñ–∞–∫—É–ª—Ç–µ—Ç–∞,"–°—Ç—É–¥–µ–Ω—Ç–∏ –ï–ª–µ–∫—Ç—Ä–æ–Ω—Å–∫–æ–≥ —Ñ–∞–∫—É–ª—Ç–µ—Ç–∞ —Å–∞ —Ü–∏—ô–µ–º –¥–∞ –æ—Ö—Ä–∞–±—Ä–µ —Å–≤–µ —Å—Ç—É–¥–µ–Ω—Ç–µ –¥–∞ –∏—Å–∫–∞–∂—É —Å–≤–æ—ò–µ —Å—Ç–∞–≤–æ–≤–µ.
–ó–∞—à—Ç–æ —ò–µ –ø—Ä–∞–≤–∏–ª–Ω–∏–∫ –Ω–µ–ª–µ–≥–∞–ª–∞–Ω?","1,142",6,32,FALSE,FALSE,https://docs.google.com/document/d/1-3lYKq0hP89Gd9bVVphAmWESAp-mRBfW/edit?usp=drivesdk&ouid=104739358777076940402&rtpof=true&sd=true,,,https://docs.google.com/document/d/1-3lYKq0hP89Gd9bVVphAmWESAp-mRBfW/edit?usp=drivesdk&ouid=104739358777076940402&rtpof=true&sd=true,https://docs.google.com/document/d/1-3lYKq0hP89Gd9bVVphAmWESAp-mRBfW/edit?usp=drivesdk&ouid=104739358777076940402&rtpof=true&sd=true,,,,,,
,Ustanove,Vi≈°a,Beograd,,,Fakultet za obrazovanje uƒçitelja i vaspitaƒça,https://www.instagram.com/blokada_uf/,blokada_uf,Studenti Fakulteta za obrazovanje uƒçitelja i vaspitaƒça,"‚Äû–û–Ω–∞—ò –∫–æ –±—É–¥–∏ –∑–Ω–∞—ö–µ, –Ω–µ —Å–º–µ –¥–∞ —Å–ø–∞–≤–∞ –ø—Ä–µ–¥ –Ω–µ–ø—Ä–∞–≤–¥–æ–º.‚Äù
–ó–≤–∞–Ω–∏—á–Ω–∏ –ø—Ä–æ—Ñ–∏–ª –Ω–µ–ø—Ä–æ—Ñ–∏—Ç–Ω–µ –Ω–µ—Å—Ç—Ä–∞–Ω–∞—á–∫–µ –≥—Ä—É–ø–µ —Å—Ç—É–¥–µ–Ω–∞—Ç–∞ –±–ª–æ–∫–∞–¥–µ –£—á–∏—Ç–µ—ô—Å–∫–æ–≥ —Ñ–∞–∫—É–ª—Ç–µ—Ç–∞.","1,130",22,25,FALSE,FALSE,,,,,,,,,,,
,Ustanove,Vi≈°a,Beograd,,,Rudarsko-geolo≈°ki fakultet,https://www.instagram.com/blokada.rgf/?hl=en,blokada.rgf,,Zvaniƒçni profil plenuma¬†Rudarsko-geolo≈°kog fakulteta Univerziteta u Beogradu,"1,118",31,28,FALSE,FALSE,,Personal blog,,,,,,,,,
,Ustanove,Srednja,Beograd,,,"ET≈† ""Nikola Tesla""",https://www.instagram.com/ets_tesla_blokada/,ets_tesla_blokada,–ë–ª–æ–∫–∞–¥–∞ —É –ï–ª–µ–∫—Ç—Ä–æ—Ç–µ—Ö–Ω–∏—á–∫–æ—ò —à–∫–æ–ª–∏ ‚Äû–ù–∏–∫–æ–ª–∞ –¢–µ—Å–ª–∞‚Äú,‚Ä¢ –°–∞–º–æ–æ—Ä–≥–∞–Ω–∏–∑–æ–≤–∞–Ω–∞ –≥—Ä—É–ø–∞ —É—á–µ–Ω–∏–∫–∞ –ï–ª–µ–∫—Ç—Ä–æ—Ç–µ—Ö–Ω–∏—á–∫–µ —à–∫–æ–ª–µ ‚Äû–ù–∏–∫–æ–ª–∞ –¢–µ—Å–ª–∞‚Äú,"1,117",32,12,FALSE,FALSE,,,,,,,,,,,
,Ustanove,Srednja,Beograd,trinaestablokade@gmail.com,,XIII beogradska gimnazija,https://www.instagram.com/xiii_blokada/,xiii_blokada,,"Samoorganizovani maturanti XIII beogradske gimnazije
Zvaniƒçni mail: trinaestablokade@gmail.com","1,112",9,10,FALSE,FALSE,,,,,,,,,,,
,Ustanove,Srednja,Beograd,,,Filolo≈°ka gimnazija,https://www.instagram.com/blokada.fgbg/,blokada.fgbg,Filolo≈°ka gimnazija,#blokada #rukesuvamkrvave,"1,107",77,4,FALSE,FALSE,,,,,,,,,,,
,Ustanove,Srednja,Beograd,,,I beogradska gimnazija,https://www.instagram.com/prva_u_blokadi/,prva_u_blokadi,Blokada Prve beogradske gimnazije,"Profil samoorganizovanih maturanata Prve beogradske gimnazije üìö
@prva.beogradska.gimnazija","1,096",48,10,FALSE,FALSE,,,,,,,,,,,
,Ustanove,Vi≈°a,Beograd,,POTREBNI RESURSI,Beogradska akademija poslovnih i umetniƒçkih strukovnih studija,https://www.instagram.com/bapuss_blokada/,bapuss_blokada,BAPUSS BLOKADA,,"1,079",115,17,FALSE,FALSE,,,,,,,,,,,
,Ustanove,Srednja,Beograd,,,Zemunska gimnazija,https://www.instagram.com/zg_blokada/,zg_blokada,Blokada Zemunske gimnazije,Samoorganizovani maturanti Zemunske gimnazije,"1,055",34,17,FALSE,FALSE,,,,,,,,,,,
,Ustanove,Srednja,Sremska Mitrovica,,,Gimnazija Sremska Mitrovica,https://www.instagram.com/blokada_mitrovacka_gimnazija/,blokada_mitrovacka_gimnazija,Samoinicijativna organizacija maturanata Mitrovaƒçke gimnazije,Mitrovaƒçka gimnazija je (u)stala,"1,037",89,8,FALSE,FALSE,,,,,,,,,,,
,Ustanove,Srednja,Beograd,,POTREBNI RESURSI,Geografski fakultet,https://www.instagram.com/gis.se.budi/,gis.se.budi,–ì–ò–° –°–ï –ë–£–î–ò,"""–ñ–∏–≤–æ—Ç —ò–µ –∫—Ä–∞—Ç–∞–∫, –∞–ª–∏ —Ç—Ä–∞–≥ –æ–¥ –∂–∏–≤–æ—Ç–∞ –º–æ–∂–µ –¥—É–≥–æ —Ç—Ä–∞—ò–∞—Ç–∏."" - –ò—Å–∏–¥–æ—Ä–∞ –°–µ–∫—É–ª–∏—õ","1,036",12,4,FALSE,FALSE,,,,,,,,,,,
,Ustanove,Srednja,Po≈æarevac,,,Gimnazija u Po≈æarevcu,https://www.instagram.com/blokada.pogim/,blokada.pogim,–£—á–µ–Ω–∏—Ü–∏ –ü–æ–∂–∞—Ä–µ–≤–∞—á–∫–µ –≥–∏–º–Ω–∞–∑–∏—ò–µ,"–ë–õ–û–ö–ê–î–ê!
(–£)–°–¢–ê–ù–ò","1,031",52,7,FALSE,FALSE,,,,,,,,,,,
,Ustanove,Vi≈°a,Novi Sad,,,Fakultet sporta i fiziƒçkog vaspitanja,https://www.instagram.com/fsfvns_blokada/,fsfvns_blokada,,"BLOKADA
Fakulteta sporta i fiziƒçkog vaspitanja 
Novi Sad","1,017",50,29,FALSE,FALSE,,,,,,,,,,,
,Ustanove,Srednja,U≈æice,,,Gimnazija u U≈æicu,https://www.instagram.com/blokada.ug/,blokada.ug,–ú–∞—Ç—É—Ä–∞–Ω—Ç–∏ –£–∂–∏—á–∫–µ –≥–∏–º–Ω–∞–∑–∏—ò–µ,"(–£)—Å—Ç–∞–ª–∏ —Å–º–æ!
–î–∞ –¥–æ—í—É –¥–µ—Ü–∞, –¥–∞ –æ–¥—É —ô—É–¥–∏.","1,014",74,7,FALSE,FALSE,,,,,,,,,,,
,Ustanove,Srednja,Lazarevac,,,Gimnazija u Lazarevcu,https://www.instagram.com/blokada.gimnazijaulazarevcu/,blokada.gimnazijaulazarevcu,–ë–ª–æ–∫–∞–¥–∞ –ì–∏–º–Ω–∞–∑–∏—ò–µ —É –õ–∞–∑–∞—Ä–µ–≤—Ü—É,–°–∞–º–æ–∏–Ω–∏—Ü–∏—ò–∞—Ç–∏–≤–Ω–∞ –≥—Ä—É–ø–∞ —Å—Ä–µ–¥—ö–æ—à–∫–æ–ª–∞—Ü–∞.,"1,013",132,7,FALSE,FALSE,,,,,,,,,,,
,Ustanove,Srednja,Beograd,,,Grafiƒçka ≈°kola,https://www.instagram.com/zastani.graficka/,zastani.graficka,Zastanimo.Grafiƒçari,",,Zastani Grafiƒçka‚Äù je glas podr≈°ke studentima i znak solidarnosti sa nastradalima u Novom Sadu, sa jasnim zahtevom za pravdu i odgovornost.","1,012",70,33,FALSE,FALSE,,,,,,,,,,,
,Ustanove,Srednja,Beograd,,,Matematiƒçka gimnazija,https://www.instagram.com/mg_blokada/,mg_blokada,–°–∞–º–æ–æ—Ä–≥–∞–Ω–∏–∑–æ–≤–∞–Ω–∏ –º–∞—Ç—É—Ä–∞–Ω—Ç–∏ –ú–∞—Ç–µ–º–∞—Ç–∏—á–∫–µ –≥–∏–º–Ω–∞–∑–∏—ò–µ,,"1,005",42,12,FALSE,FALSE,,,,,,,,,,,
,Ustanove,Srednja,≈†abac,,,Gimnazija ≈†abac,https://www.instagram.com/blokada_sg/,blokada_sg,Uƒçenici ≈†abaƒçke Gimnazije,Samoorganizovani maturanti ≈†abaƒçke gimnazije su u blokadi.,967,45,9,FALSE,FALSE,,,,,,,,,,,
,Ustanove,Vi≈°a,Ni≈°,,,Ekonomski fakultet,https://www.instagram.com/eknfak.blokada/,eknfak.blokada,,"Blokada Ekonomskog Fakulteta
Univerzitet u Ni≈°u",958,53,14,FALSE,FALSE,,,,,,,,,,,
,Ustanove,Vi≈°a,Kragujevac,,,Ekonomski fakultet,https://www.instagram.com/blokada_ekf/,blokada_ekf,Podr≈°ka studentima - Ekonomski fakultet u Kragujevcu,Studenti Ekonomskog fakulteta u Kragujevcu  staju uz svoje kolege i koleginice sa ostalih fakulteta!,925,59,17,FALSE,FALSE,,,,,,,,,,,
,Ustanove,Srednja,Obrenovac,,,Gimnazija u Obrenovcu,https://www.instagram.com/gimnazija.u.obrenovcu.blokada/,gimnazija.u.obrenovcu.blokada,Blokada Gimnazije u Obrenovcu,"- Samoorganizovana grupa uƒçenika Gimnazije u Obrenovcu
- Prikljuƒçi se blokadi
#blokada #rukesuvamkrvave",864,85,3,FALSE,FALSE,,,,,,,,,,,
,Ustanove,Vi≈°a,Subotica,,,Ekonomski fakultet Subotica,https://www.instagram.com/blokada.ef.su.uns/,blokada.ef.su.uns,"–Ω–ï–ö–û –º–æ—Ä–∞, –∞ —Ç–æ —Å–º–æ –ú–ò!",–à–µ–¥–∏–Ω–∏ –∑–≤–∞–Ω–∏—á–Ω–∏ –ø—Ä–æ—Ñ–∏–ª —Å—Ç—É–¥–µ–Ω—Ç—Å–∫–µ –±–ª–æ–∫–∞–¥–µ –ï–∫–æ–Ω–æ–º—Å–∫–æ–≥ —Ñ–∞–∫—É–ª—Ç–µ—Ç–∞ —É –°—É–±–æ—Ç–∏—Ü–∏.,850,28,14,FALSE,FALSE,,,,,,,,,,,
,Ustanove,Srednja,Novi Sad,,,"Gimnazija ""Laza Kostiƒá""",https://www.instagram.com/lazina.se.budi/,lazina.se.budi,Maturanti gimnazije ‚ÄúLaza Kostiƒá‚Äù,"Lazina≈°i vi≈°e neƒáe da ƒáute,
Santa Maria della Salute ‚ÄºÔ∏è",844,91,13,FALSE,FALSE,,,,,,,,,,,
,Ustanove,Vi≈°a,Novi Sad,,,Visoka ≈°kola strukovnih studija za obrazovanje vaspitaƒça,https://www.instagram.com/vaspitaci_u_blokadi/,vaspitaci_u_blokadi,Blokada Visoke ≈°kole strukovnih studija za obrazovanje vaspitaƒça,Novi Sad,823,67,20,FALSE,FALSE,,,,,,,,,,,
,Ustanove,Vi≈°a,Zrenjanin,,,"Tehniƒçki fakultet ""Mihajlo Pupin""",https://www.instagram.com/blokada.tfzr/,blokada.tfzr,Studenti TFZR-a,,819,44,11,FALSE,FALSE,,,,,,,,,,,
,Ustanove,Vi≈°a,Beograd,,,Singidunum,https://www.instagram.com/studenti_singidunuma/,studenti_singidunuma,Singi protest,"Zvaniƒçni profil samoorganizovane grupe studenata Singidunuma.
Pru≈æamo podr≈°ku studentima ≈°irom Srbije.",810,70,6,FALSE,FALSE,,,,,,,,,,,
,Ustanove,Srednja,Novi Sad,,,"T≈† ""Mileva Mariƒá Ajn≈°tajn""",https://www.instagram.com/mileva.maric.se.budi/,mileva.maric.se.budi,"–ù–µ—Ñ–æ—Ä–º–∞–ª–Ω–∞ –æ—Ä–≥–∞–Ω–∏–∑–∞—Ü–∏—ò–∞ —É—á–µ–Ω–∏–∫–∞ –¢–®,,–ú–∏–ª–µ–≤–∞ –ú–∞—Ä–∏—õ –ê—ò–Ω—à—Ç–∞—ò–Ω""",–ª–∏–Ω–∫ –∑–∞ –ø—Ä–∏—Å—Ç—É–ø —É—á–µ–Ω–∏—á–∫–æ—ò –≥—Ä—É–ø–∏ ‚¨áÔ∏è,795,90,13,FALSE,FALSE,,,,,,,,,,,
,Ustanove,Vi≈°a,Beograd,,POTREBNI RESURSI,Vi≈°a hotelijerska ≈°kola,https://www.instagram.com/vhs.blokada/?__d=1%252F,vhs.blokada,,"Neprofitna, nestranaƒçka, samoorganizovana grupa studenata VHS.
BlokadaüñêüèΩ‚ùóÔ∏è",768,65,9,FALSE,FALSE,,,,,,,,,,,
,Ustanove,Srednja,Beograd,,,XII beogradska gimnazija,https://www.instagram.com/blokadamaturanata.xii/,blokadamaturanata.xii,Maturanti XII Gimnazije,"–°–∞–º–æ–∏–Ω–∏—Ü–∏—ò–∞—Ç–∏–≤–Ω–∞ –∏ –ø–æ–ª–∏—Ç–∏—á–∫–∏ –Ω–µ—É—Ç—Ä–∞–ª–Ω–∞ –±–ª–æ–∫–∞–¥–∞ –Ω–∞—Å—Ç–∞–≤–µ.
–à–µ–¥–∏–Ω–∏ –ø—Ä–∞–≤–∏ –ø—Ä–æ—Ñ–∏–ª.  
www.tiktok.com/@blokadamaturanata_xii",762,38,7,FALSE,FALSE,,,,,,,,,,,
,Ustanove,Vi≈°a,Ni≈°,,https://www.instagram.com/p/DDp3qGLM4oF/,Prirodno matematiƒçki fakultet,https://www.instagram.com/pmfnis_blokada/,pmfnis_blokada,Neformalna grupa studenata PMF-a u Ni≈°u,"Prirodno-matematiƒçki fakultet i te kako ima veze sa projektom ,,ùôÖùôñùôôùôñùôß""
#Ne≈°Kopat",746,38,25,FALSE,FALSE,,,,,,,,,,,
,Ustanove,Vi≈°a,Novi Sad,,,Visoka poslovna ≈°kola,https://www.instagram.com/blokada_vps/,blokada_vps,Visoka Poslovna ≈†kola Novi Sad,,735,58,15,FALSE,FALSE,,,,,,,,,,,
,Ustanove,Vi≈°a,Kragujevac,,–î–æ–Ω–∞—Ü–∏—ò–µ,Fakultet tehnolo≈°kih nauka,https://www.instagram.com/blokada_fink/?hl=en,blokada_fink,Studenti Fakulteta In≈æenjerskih nauka u Kragujevcu,"–°–∞–º–æ–æ—Ä–≥–∞–Ω–∏–∑–æ–≤–∞–Ω–∞, –Ω–µ–ø—Ä–æ—Ñ–∏—Ç–Ω–∞, –Ω–µ—Å—Ç—Ä–∞–Ω–∞—á–∫–∞ –≥—Ä—É–ø–∞ —Å—Ç—É–¥–µ–Ω–∞—Ç–∞ –Ω–∞—Å—Ç–∞–ª–∞ —Å–∞ —Ü–∏—ô–µ–º –¥–∞ –æ—Å–∏–≥—É—Ä–∞ –ø—Ä–∞–≤–∞ –∏ —Å–ª–æ–±–æ–¥—É —Å—Ç—É–¥–µ–Ω–∞—Ç–∞",732,57,14,FALSE,FALSE,https://finkblokada.github.io/rs/,,,https://finkblokada.github.io/rs/,https://finkblokada.github.io/rs/,,,,,,
,Ustanove,Vi≈°a,Beograd,,,Fakultet za medije i komunikacije,https://www.instagram.com/blokada.fmk/,blokada.fmk,,Studenti FMK-a tra≈æe kriviƒçnu odgovornost za tragediju u Novom Sadu i za napade na studente i profesore na protestima! ‚úäüèª,724,29,1,FALSE,FALSE,,,,,,,,,,,
,Ustanove,Srednja,Ivanjica,,,Gimnaazija Ivanjica,https://www.instagram.com/gimnazijaic_blokada/,gimnazijaic_blokada,Blokada Gimnazije u Ivanjici,"Samoorganizovana grupa ucenika Gimnazije u Ivanjici
Prikljuci se blokadi
Ruke su vam krvave
#blokada #rukesuvamkrvave",719,62,2,FALSE,FALSE,,,,,,,,,,,
,Ustanove,Srednja,Beograd,,,"Gimnazija ""Sveti Sava""",https://www.instagram.com/gssublokadi/,gssublokadi,gimnazija sveti sava u blokadi,"@gimn.sv.sava
samoorganizovani maturanti
DR≈ΩAVA JE VLASNI≈†TVO DECE",686,22,9,FALSE,FALSE,,,,,,,,,,,
,Ustanove,Srednja,Beograd,,,Prva ekonomska ≈°kola,https://www.instagram.com/pes_u_blokadi/,pes_u_blokadi,,–°–∞–º–æ–æ—Ä–≥–∞–Ω–∏–∑–æ–≤–∞–Ω–∞ –≥—Ä—É–ø–∞ –º–∞—Ç—É—Ä–∞–Ω–∞—Ç–∞ –∏–∑ –ü—Ä–≤–µ –µ–∫–æ–Ω–æ–º—Å–∫–µ —à–∫–æ–ª–µ,677,113,4,FALSE,FALSE,,,,,,,–î–æ–Ω–∞—Ü–∏—ò–µ,,,,
,Ustanove,Srednja,Subotica,,,"Gimnazija ""Svetozar Markoviƒá""",https://www.instagram.com/gimnazijasu.protest/,gimnazijasu.protest,"Uƒçeniƒçki protest Gimnazije ""Svetozar Markoviƒá""","Zvaniƒçni informativni profil                                                         
Poƒçast ≈ærtvama tragedije u Novom Sadu i podr≈°ka studentima",676,157,8,FALSE,FALSE,,,,,,,,,,,
,Ustanove,Vi≈°a,Ni≈°,,,Fakultet sporta i fiziƒçkog vaspitanja,https://www.instagram.com/blokada.dif/,blokada.dif,Blokada FSFV Ni≈°,Zvaniƒçna stranica studenata Fakulteta sporta i fiziƒçkog vaspitanja u Ni≈°u u blokadi!,675,62,9,FALSE,FALSE,,,,,,,,,,,
,Ustanove,Vi≈°a,Novi Pazar,,,Dr≈æavni univerzitet u Novom Pazaru,https://www.instagram.com/studentski.protesti.dunp/,studentski.protesti.dunp,Studentski protesti DUNP,Zvaniƒçan profil grupe slobodnih studenata SP Psihologije DUNP-a koji pru≈æaju podr≈°ku studentima ≈°irom zemlje u blokadi,675,53,6,FALSE,FALSE,,,,,,,,,,,
,Ustanove,Vi≈°a,Sombor,,,Pedago≈°ki fakultet,https://www.instagram.com/pefso_blokada/,pefso_blokada,,PEDAGO≈†KI FAKULTET SOMBOR,667,98,17,FALSE,FALSE,,,,,,,,,,,
,Ustanove,Srednja,Beograd,,,VI beogradska gimnazija,https://www.instagram.com/vi_blokada/,vi_blokada,VI –≥–∏–º–Ω–∞–∑–∏—ò–∞,–ü—Ä–æ—Ñ–∏–ª –Ω–∞–ø—Ä–∞–≤—ô–µ–Ω –æ–¥ —Å—Ç—Ä–∞–Ω–µ –º–∞—Ç—É—Ä–∞–Ω–∞—Ç–∞ VI –±–µ–æ–≥—Ä–∞–¥—Å–∫–µ –≥–∏–º–Ω–∞–∑–∏—ò–µ —É —Ü–∏—ô—É –ø–æ–¥—Ä—à–∫–µ —Å—Ç—É–¥–µ–Ω—Ç–∏–º–∞.,656,34,6,FALSE,FALSE,,,,,,,,,,,
,Ustanove,Vi≈°a,Beograd,,,Raƒçunarski fakultet,https://www.instagram.com/raf_protest/,raf_protest,–°—Ç—É–¥–µ–Ω—Ç–∏ –†–ê–§-–∞,–°–∞–º–æ–æ—Ä–≥–∞–Ω–∏–∑–æ–≤–∞–Ω–∞ –≥—Ä—É–ø–∞ —Å—Ç—É–¥–µ–Ω–∞—Ç–∞ –†–ê–§-–∞,652,20,9,FALSE,FALSE,,,,,,,,,,,
,Ustanove,Vi≈°a,Beograd,,POTREBNI RESURSI,Fakultet za fiziƒçku hemiju,https://www.instagram.com/blokadaffh/,blokadaffh,Blokada Fakulteta za fiziƒçku hemiju,,635,77,16,FALSE,FALSE,,,,,,,,,,,
,Ustanove,Srednja,Novi Sad,,,Ekonomska ≈°kola,https://www.instagram.com/ekonomska.se.budi/,ekonomska.se.budi,Ekonomska se budi,"Ekonomska ≈°kola ‚ÄúSvetozar Miletiƒá‚Äù, Novi Sad",607,87,5,FALSE,FALSE,,,,,,,,,,,
,Krovni Nalozi,-,Beƒçej,,,Samoorganizovana grupa mladih iz Beƒçeja,https://www.instagram.com/becej_se_budi/,becej_se_budi,–°–∞–º–æ–æ—Ä–≥–∞–Ω–∏–∑–æ–≤–∞–Ω–∞ –≥—Ä—É–ø–∞ –º–ª–∞–¥–∏—Ö –∏–∑ –ë–µ—á–µ—ò–∞,"–û–¥–ª—É—á–Ω–æ —É–∑ —Å—Ç—É–¥–µ–Ω—Ç–µ, –¥–æ –∏—Å–ø—É—ö–µ—ö–∞ –∑–∞—Ö—Ç–µ–≤–∞
–†—É–∫–µ —Å—É –∏–º –∫—Ä–≤–∞–≤–µ!",599,45,6,FALSE,FALSE,,,,,,,,,,,
,Ustanove,Vi≈°a,Ni≈°,,,Filozofski fakultet,https://www.instagram.com/filfak.blokada/,filfak.blokada,–ë–ª–æ–∫–∞–¥–∞ –§–∏–ª–æ–∑–æ—Ñ—Å–∫–æ–≥ —Ñ–∞–∫—É–ª—Ç–µ—Ç–∞ —É –ù–∏—à—É,–î–æ –∏—Å–ø—É—ö–µ—ö–∞ –∑–∞—Ö—Ç–µ–≤–∞!,590,57,8,FALSE,FALSE,,,,,,,,,,,
,Ustanove,Srednja,Novi Sad,,,Muziƒçka i baletska ≈°kola,https://www.instagram.com/umetnost.se.budi/,umetnost.se.budi,Maturanti Baletske i Muziƒçke ≈°kole,"Svaki dan od 11:52-12:07
Bulevar cara Lazara 67, Novi Sad",586,87,12,FALSE,FALSE,,,,,,,,,,,
,Ustanove,Srednja,Novi Sad,,,"≈†kola za dizajn ""Bogdan ≈†uput""",https://www.instagram.com/suput.ne.cuti/,suput.ne.cuti,Maturanti ≈†kole za dizajn ‚ÄûBogdan ≈†uput‚Äú,"‚Ä¢
Sistemu treba novi dizajn",569,37,6,FALSE,FALSE,,,,,,,,,,,
,Krovni Nalozi,-,-,,,Samoorganizovana grupa srednjo≈°kolaca,https://www.instagram.com/i.mi.mladji.se.pitamo/,i.mi.mladji.se.pitamo,Samoorganizovana grupa srednjoskolaca,"Ovo je nezavisna i neprofitna inicijativa srednjo≈°kolaca, formirana u cilju za≈°tite prava i sloboda uƒçenika srednjih ≈°kola, kao i podr≈°ke studentima.",539,32,4,FALSE,FALSE,,,,,,,,,,,
,Ustanove,Vi≈°a,Beograd,,https://www.instagram.com/stories/highlights/18042165530191247/,Visoko gradjevinsko geodetska ≈°kola,https://www.instagram.com/vggs_blokada/,vggs_blokada,BLOKADA studenata Visoko gradjevinsko geodetske ≈°kole,studentivggs16@gmail.com,535,77,7,FALSE,FALSE,,,,,,,,,,,
,Ustanove,Srednja,Beograd,,,"Muziƒçka ≈°kola ""Stankoviƒá""",https://www.instagram.com/stankovic.blokada/,stankovic.blokada,–£—á–µ–Ω–∏—Ü–∏ –ú—É–∑–∏—á–∫–µ –®–∫–æ–ª–µ –°—Ç–∞–Ω–∫–æ–≤–∏—õ,,514,63,8,FALSE,FALSE,,,,,,,,,,,
,Ustanove,Srednja,Beograd,,,≈†kola za dizajn,https://www.instagram.com/dizajnerska_blokada/,dizajnerska_blokada,Maturanti ≈†kole za dizajn,,478,108,7,FALSE,FALSE,,,,,,,,,,,
,Ustanove,Vi≈°a,Novi Sad,,,Visoka tehniƒçka ≈°kola,https://www.instagram.com/blokada_vtsns/,blokada_vtsns,Zvaniƒçni profil Visoke tehniƒçke ≈°kole u blokadi,"üõë Samoorganizovani studenti 
üõë Zahtevamo pravdu!
üõë Zvaniƒçno blokiran od 16.12.",478,67,11,FALSE,FALSE,,,,,,,,,,,
,Ustanove,Srednja,Beograd,,,Druga Ekonomska ≈†kola,https://www.instagram.com/blokadades/,blokadades,Druga Ekonomska ≈†kola,–à–µ–¥–∏–Ω–∏ –ø—Ä–∞–≤–∏ –ø—Ä–æ—Ñ–∏–ª.,473,40,4,FALSE,FALSE,,,,,,,,,,,
,Ustanove,Srednja,Beograd,,,IV beogradska gimnazija,https://www.instagram.com/iv_blokada/,iv_blokada,–ë–ª–æ–∫–∞–¥–∞ IV –≥–∏–º–Ω–∞–∑–∏—ò–µ —É –ë–µ–æ–≥—Ä–∞–¥—É,–°–∞–º–æ–∏–Ω–∏—Ü–∏—ò–∞—Ç–∏–≤–Ω–∞ –æ—Ä–≥–∞–Ω–∏–∑–∞—Ü–∏—ò–∞ –º–∞—Ç—É—Ä–∞–Ω–∞—Ç–∞ IV –≥–∏–º–Ω–∞–∑–∏—ò–µ —É –ë–µ–æ–≥—Ä–∞–¥—É.,458,92,1,FALSE,FALSE,,,,,,,,,,,
,Ustanove,Vi≈°a,Beograd,donacijematf@gmail.com,POTREBNI RESURSI,Visoka turistiƒçka ≈°kola,https://www.instagram.com/vts.blokada/,vts.blokada,Samoorganizovana grupa studenata VT≈†,Neprofitna i nestranaƒçka grupa sudenata Visoke Turistiƒçke ≈°kole,448,78,18,FALSE,FALSE,,,,,,,,,,,Prirodno Matematicki Fakultet
,Krovni Nalozi,-,Valjevo,,,Blokada Valjevo,https://www.instagram.com/studenti.valjevo/,studenti.valjevo,blokada.valjevo,"-–ó–≤–∞–Ω–∏—á–Ω–∏ –ø—Ä–æ—Ñ–∏–ª –±–ª–æ–∫–∞–¥–∞ —É –í–∞—ô–µ–≤—É. –§–∞–∫—É–ª—Ç–µ—Ç–∞,–≤–∏—à–∏—Ö –∏ —Å—Ä–µ–¥—ö–∏—Ö —à–∫–æ–ª–∞!!!
-–í–∞—ô–µ–≤–æ (–£)–°–¢–ê–ù–ò!!!
-–ö–æ—Ä—É–ø—Ü–∏—ò–∞ —É–±–∏—ò–∞!!!
–¢–∏–∫—Ç–æ–∫: @studenti.valjevo",448,116,9,FALSE,FALSE,,,,,,,,,,,
,Ustanove,Vi≈°a,Beograd,,,Akademija tehniƒçko - umetniƒçkih strukovnih studija,https://www.instagram.com/dtm.blokada/,dtm.blokada,dtm blokada,Akademija tehniƒçko - umetniƒçkih strukovnih studija Beograd (Odsek visoka tekstilna ≈°kola za dizajn tehnologiju i menad≈æment),428,96,18,FALSE,FALSE,,,,,,,,,,,
,Ustanove,Srednja,Leskovac,,,"Ekonomska ≈°kola ""ƒêuka Diniƒá""",https://www.instagram.com/blokada.ekonomska.leskovac/,blokada.ekonomska.leskovac,"Samoorganizovani uƒçenici Ekonomske ≈°kole ""ƒêuka Diniƒá"" u Leskovcu",,403,100,2,FALSE,FALSE,,,,,,,,,,,
,Krovni Nalozi,Srednja,Beograd,,,Za na≈°u decu,https://www.instagram.com/blokada.srednjoskolci.bg/,blokada.srednjoskolci.bg,–ó–∞ –Ω–∞—à—É –¥–µ—Ü—É,–ú–∏ —Å–º–æ –æ–Ω–∞ –¥–µ—Ü–∞ –∫–æ—ò–∞ —Å–µ –Ω–µ –≤–∏–¥–µ –∏–∑ –≤–∞—à–∏—Ö —Ñ–æ—Ç–µ—ô–∞.,395,99,3,FALSE,FALSE,,,,,,,,,,,
,Ustanove,Vi≈°a,Ni≈°,,,Pravni fakultet,https://www.instagram.com/prafakblokada/,prafakblokada,–ü—Ä–∞–≤–Ω–∏—Ü–∏ —É –±–ª–æ–∫–∞–¥–∏,"–ó–≤–∞–Ω–∏—á–∞–Ω –ø—Ä–æ—Ñ–∏–ª –±–ª–æ–∫–∞–¥–µ —Å—Ç—É–¥–µ–Ω–∞—Ç–∞ –ü—Ä–∞–≤–Ω–æ–≥ —Ñ–∞–∫—É–ª—Ç–µ—Ç–∞ –£–Ω–∏–≤–µ—Ä–∑–∏—Ç–µ—Ç–∞ —É –ù–∏—à—É.
–î–æ –∏—Å–ø—É—ö–µ—ö–∞ –∑–∞—Ö—Ç–µ–≤–∞!",376,20,2,FALSE,FALSE,,,,,,,,,,,
,Ustanove,Srednja,Po≈æarevac,,,Ekonomsko-trgovinska ≈°kola,https://www.instagram.com/blokada.etspo/,blokada.etspo,–£—á–µ–Ω–∏—Ü–∏ –ï–∫–æ–Ω–æ–º—Å–∫–æ-—Ç—Ä–≥–æ–≤–∏–Ω—Å–∫–µ —à–∫–æ–ª–µ,"(–£)–°–¢–ê–õ–ò –°–ú–û!
–º–∞—Ç—É—Ä–∞–Ω—Ç–∏ –ï–¢–® –ü–û–ñ–ê–†–ï–í–ê–¶",373,75,4,FALSE,FALSE,,,,,,,,,,,
,Ustanove,Srednja,Mladenovac,,,Tehniƒçka ≈°kola,https://www.instagram.com/tsm.blokada/,tsm.blokada,–ë–ª–æ–∫–∞–¥–∞ –¢–µ—Ö–Ω–∏—á–∫–µ —É –ú–ª–∞–¥–µ–Ω–æ–≤—Ü—É,–°–∞–º–æ–æ—Ä–≥–∞–Ω–∏–∑–æ–≤–∞–Ω–∞ –≥—Ä—É–ø–∞ —É—á–µ–Ω–∏–∫–∞ –¢–µ—Ö–Ω–∏—á–∫–µ —à–∫–æ–ª–µ —É –ú–ª–∞–¥–µ–Ω–æ–≤—Ü—É –ø–æ–¥—Ä–∂–∞–≤–∞ –ø—Ä–∞–≤–æ –Ω–∞ –ø—Ä–æ—Ç–µ—Å—Ç –∏ –∞–∫—Ç–∏–≤–Ω–æ —É—á–µ—Å—Ç–≤—É—ò–µ —É –±–ª–æ–∫–∞–¥–∞–º–∞ –æ–±—Ä–∞–∑–æ–≤–Ω–∏—Ö –∏–Ω—Å—Ç–∏—Ç—É—Ü–∏—ò–∞.,347,145,3,FALSE,FALSE,,,,,,,,,,,
,Ustanove,Srednja,Beograd,,,Farmaceutsko-fizioterapeutska ≈°kola,https://www.instagram.com/ffs.blokada/,ffs.blokada,,–°–∞–º–æ–æ—Ä–≥–∞–Ω–∏–∑–æ–≤–∞–Ω–∏ –º–∞—Ç—É—Ä–∞–Ω—Ç–∏ –§–∞—Ä–º–∞—Ü–µ—É—Ç—Å–∫–æ-—Ñ–∏–∑–∏–æ—Ç–µ—Ä–∞–ø–µ—É—Ç—Å–∫–µ —à–∫–æ–ª–µ —É –±–ª–æ–∫–∞–¥–∏.,344,60,9,FALSE,FALSE,,,,,,,,,,,
,Ustanove,Vi≈°a,ƒåaƒçak,,,Fakultet tehniƒçkih nauka,https://www.instagram.com/blokada.ftncacak/?hl=en,blokada.ftncacak,Blokada Fakulteta tehniƒçkih nauka u ƒåaƒçku,Oni koji ƒáute pred nepravdom postaju njeni sauƒçesnici. Do ispunjenja zahteva zajedno!,340,2,7,FALSE,FALSE,,Nonprofit organization,,,,,,,,,
,Ustanove,Vi≈°a,Bor,,,Tehniƒçki fakultet,https://www.instagram.com/parlament_tfbor/?hl=en,parlament_tfbor,TF Bor Parlament,‚Ä¢ Zvaniƒçan instagram profil parlamenta Tehniƒçkog fakulteta u Boru,308,207,19,FALSE,FALSE,,Community,,,,,,,,,
,Ustanove,Srednja,Kraljevo,,,≈†umarska ≈°kola Kraljevo,https://www.instagram.com/sskv.protest/,sskv.protest,‚úäüèª,"–ò –®–£–ú–ê–†–°–ö–ê –à–ï (–£)–°–¢–ê–õ–ê
#kraljevoustaje 
–ë–õ–û–ö–ê–î–ê!",299,57,4,FALSE,FALSE,,,,,,,,,,,
,Ustanove,Srednja,≈†abac,,,"Ekonomska ≈°kola ""Stana Milanoviƒá""",https://www.instagram.com/blokada_essm/,blokada_essm,"Blokada ekonomske ≈°kole ""Stana Milanoviƒá "" ≈†abac","Podr≈°ka studentima od maturanata ekonomske ≈°kole ""Stana Milanoviƒá "", ≈†abac",288,155,2,FALSE,FALSE,,,,,,,,,,,
,Ustanove,Vi≈°a,Ni≈°,,,Ma≈°inski fakultet,https://www.instagram.com/masfak.blokada/?hl=en,masfak.blokada,Studenti Ma≈°inskog fakulteta u blokadi,"Studenti u blokadi Ma≈°inskog fakulteta u Ni≈°u.
Za sva pitanja nam pi≈°ite putem mejla masfakblokada@gmail.com",286,158,4,FALSE,FALSE,,Student Union,,,,,,,,,
,Ustanove,Srednja,Novi Sad,,,"ET≈† ""Mihajlo Pupin""",https://www.instagram.com/ets_se_budi/,ets_se_budi,Neoficijalni informativni profil,"Uƒçenici ET≈† ""Mihajlo Pupin"" vi≈°e ne stoje po strani ‚ùóÔ∏è
Profil namenjen za informisanje uƒçenika i profesora üñêüèªü©∏",286,96,6,FALSE,FALSE,,,,,,,,,,,
,Treƒáa Lica,-,-,,,,https://www.instagram.com/blokada_srbija/,blokada_srbija,Blokadom Do Slobode!,"(U)STANI SRBIJO! üñêüèº
Neformalna grupa za podr≈°ku studentima i borbi za pravdu i bezbednost svih nas!
Do slobodne Srbije!",264,151,1,FALSE,FALSE,,,,,,,,,,,
,Ustanove,Srednja,Kraljevo,,,Ekonomska ≈°kola,https://www.instagram.com/blokada.etskv/,blokada.etskv,–ë–õ–û–ö–ê–î–ê!,"–ò –ï–ö–û–ù–û–ú–°–ö–ê –à–ï (–£)–°–¢–ê–õ–ê
#kraljevoustaje
–°–í–ï –∑–≤–∞–Ω–∏—á–Ω–µ –∏–Ω—Ñ–æ—Ä–º–∞—Ü–∏—ò–µ —É –≤–µ–∑–∏ –±–ª–æ–∫–∞–¥–µ –ï–¢–® —Å—É –Ω–∞ –æ–≤–æ–º –ø—Ä–æ—Ñ–∏–ª—É.
–°—Ä–µ–¥—ö–æ—à–∫–æ–ª—Ü–∏ –ö—Ä–∞—ô–µ–≤–∞ –∑–∞—Å—Ç–∞–Ω–∏–º–æ!",264,45,5,FALSE,FALSE,,,,,,,,,,,
,Treƒáa Lica,-,-,,,,https://www.instagram.com/mladi_srbije/,mladi_srbije,Mladi Srbije,Mi smo samoorganizovana grupa mladih (ima ba≈° mladih). Poƒçeli smo sa radom 20.12.2024. Kao grupa na Instagramu smo se formirali 05.12.2024.,262,177,30,FALSE,FALSE,,,,,,,,,,,
,Ustanove,Srednja,Beograd,,,"SM≈† ""Nade≈æda Petroviƒá""",https://www.instagram.com/msnp_blokada/,msnp_blokada,,"–ú–∞—Ç—É—Ä–∞–Ω—Ç–∏ —Å—Ä–µ–¥—ö–µ –º–µ–¥–∏—Ü–∏–Ω—Å–∫–µ —à–∫–æ–ª–µ ,,–ù–∞–¥–µ–∂–¥–∞ –ü–µ—Ç—Ä–æ–≤–∏—õ‚Äù –ó–µ–º—É–Ω",258,67,8,FALSE,FALSE,,,,,,,,,,,
,Ustanove,Srednja,Beograd,,,"S≈† ""Drvoart""",https://www.instagram.com/drvoart_blokada/,drvoart_blokada,profil blokade srednje skole drvoart,,247,70,0,FALSE,FALSE,,,,,,,,,,,
,Ustanove,Vi≈°a,Beograd,,,Visoka ICT ≈°kola,https://www.instagram.com/ictublokadi/,ictublokadi,Studenti Visoke ICT u Beogradu,Zvaniƒçna stranica samoorganizovane grupe studenata Visoke ICT u blokadi.,246,61,4,FALSE,FALSE,,,,,,,,,,,
,Ustanove,Srednja,Beograd,,,"SM≈† ""Dr Vojislav Vuƒçkoviƒá""",https://www.instagram.com/vuckovic.blokada/,vuckovic.blokada,,–ó–≤–∞–Ω–∏—á–Ω–∞ —Å—Ç—Ä–∞–Ω–∏—Ü–∞ —É—á–µ–Ω–∏–∫–∞ –°.–ú.–®.  ‚Äú–î—Ä –í–æ—ò–∏—Å–ª–∞–≤ –í—É—á–∫–æ–≤–∏—õ‚Äù,231,115,2,FALSE,FALSE,,,,,,,,,,,
,Ustanove,Vi≈°a,Vranje,,,Pedago≈°ki fakultet,https://www.instagram.com/ngs.pfvr/,ngs.pfvr,Neformalna Grupa Studenata PFVR,Neformalna grupa studenata Pedago≈°kog fakulteta u Vranju,211,104,4,FALSE,FALSE,,,,,,,,,,,
,Ustanove,Srednja,Beograd,,,Turistiƒçka ≈°kola,https://www.instagram.com/turisticka.u.blokadi/,turisticka.u.blokadi,",,–ñ–∏–≤–µ—Ç–∏ —Å–ª–æ–±–æ–¥–Ω–æ!‚Äô‚Äô",–¢—É—Ä–∏—Å—Ç–∏ –≤–∏—à–µ –Ω–µ –ø—É—Ç—É—ò—É —ò–µ—Ä –Ω–µ–º–∞ –≤–∏—à–µ —Å—Ç–∞–Ω–∏—Ü–∞!,208,131,3,FALSE,FALSE,,,,,,,,,,,
,Ustanove,Srednja,Sopot,,,Ekonomsko-trgovinska ≈°kola,https://www.instagram.com/ets.sopot.blokada/,ets.sopot.blokada,,"Zvaniƒçan profil blokade uƒçenika Ekonomsko-trgovinske ≈°kole u Sopotu.
Glas uƒçenika se mora ƒçuti!",208,124,4,FALSE,FALSE,,,,,,,,,,,
,Ustanove,Vi≈°a,Beograd,,,"Ekonomska ≈°kola ""Nada Dimiƒá""",https://www.instagram.com/esnd_blokada/,esnd_blokada,,,202,78,2,FALSE,FALSE,,,,,,,,,,,
,Ustanove,Srednja,Beograd,,,Samoorganizovana grupa uƒçenika Savremene gimnazije,https://www.instagram.com/savremena.podrzava/,savremena.podrzava,,"Samoorganizovana grupa uƒçenika Savremene gimnazije. Ne mo≈æemo da stupimo u blokadu, ali podr≈æavamo studente, njihove zahteve i blokade.",192,140,2,FALSE,FALSE,,,,,,,,,,,
,Ustanove,Vi≈°a,Kragujevac,,,Akademija strukovnih studija ≈†umadija,https://www.instagram.com/assskg.blokada/,assskg.blokada,–ê–∫–∞–¥–µ–º–∏—ò–∞ —Å—Ç—Ä—É–∫–æ–≤–Ω–∏—Ö —Å—Ç—É–¥–∏—ò–∞ –®—É–º–∞–¥–∏—ò–∞ - –æ–¥—Å–µ–∫ –ö—Ä–∞–≥—É—ò–µ–≤–∞—Ü,,166,100,2,FALSE,FALSE,,,,,,,,,,,
,Treƒáa Lica,-,-,,,,https://www.instagram.com/blokada.protest/,blokada.protest,Blokada,"Ova majica je vi≈°e od odeƒáe
To je simbol borbe za istinu i pravdu‚úä
BOLJE DA MENJAMO DR≈ΩAVU, NEGO DA MENJAMO DR≈ΩAVU!
#blokada #protest",158,96,5,FALSE,FALSE,,,,,,,,,,,
,Ustanove,Srednja,Beograd,,,Srednja tehniƒçka PTT ≈°kola,https://www.instagram.com/ptt_blokada/,ptt_blokada,–ú–∞—Ç—É—Ä–∞–Ω—Ç–∏ –°—Ä–µ–¥—ö–µ —Ç–µ—Ö–Ω–∏—á–∫–µ –ü–¢–¢ —à–∫–æ–ª–µ,,154,35,2,FALSE,FALSE,,,,,,,,,,,
,Krovni Nalozi,Srednja,Aranƒëelovac,,,Deca Aranƒëelovca,https://www.instagram.com/djaci_arandjelovac/,djaci_arandjelovac,Deca Aranƒëelovca,ƒêaƒçki parlamenti,128,71,2,FALSE,FALSE,,,,,,,,,,,
,Ustanove,Vi≈°a,Ni≈°,,,Fakultet za≈°tite na radu,https://www.instagram.com/fznr.blokada/?hl=en,fznr.blokada,–°—Ç—É–¥–µ–Ω—Ç–∏ –§–∞–∫—É–ª—Ç–µ—Ç–∞ –∑–∞—à—Ç–∏—Ç–µ –Ω–∞ —Ä–∞–¥—É —É –ù–∏—à—É —É –±–ª–æ–∫–∞–¥–∏,–ó–≤–∞–Ω–∏—á–Ω–∞ —Å—Ç—Ä–∞–Ω–∏—Ü–∞ —Å—Ç—É–¥–µ–Ω–∞—Ç–∞ –§–ó–ù–† —É –±–ª–æ–∫–∞–¥–∏,115,19,0,FALSE,FALSE,,,,,,,,,,,
,Ustanove,Srednja,Subotica,,,Medicinska Subotica,https://www.instagram.com/medicinskasu.protest/,medicinskasu.protest,,,88,20,3,FALSE,FALSE,,,,,,,,,,,
,Ustanove,Vi≈°a,Beograd,,POTREBNI RESURSI,Beogradska politehnika,https://www.instagram.com/blokada_politehnika/,blokada_politehnika,blokada politehnika,"Neprofitna, nestranaƒçka, samoorganizovana grupa studenata ASSP u blokadi!
ƒåetiri odseka, jedan cilj: BLOKIRAJ!","1,420",106,12,FALSE,FALSE,,Community,,,,,,,,,